,O1/theta,O1/alpha,O1/betaL,O1/betaH,O1/gamma,O2/theta,O2/alpha,O2/betaL,O2/betaH,O2/gamma,TIME
0,0.378,1.599,1.394,0.478,0.557,0.309,0.63,0.535,0.273,0.285,1606228661.5415
1,0.37,1.926,1.623,0.582,0.562,0.266,0.564,0.567,0.319,0.283,1606228661.6666
2,0.352,2.193,1.813,0.696,0.559,0.233,0.487,0.616,0.349,0.265,1606228661.7921
3,0.329,2.303,1.908,0.783,0.546,0.214,0.421,0.674,0.357,0.236,1606228661.917
4,0.309,2.213,1.872,0.818,0.523,0.208,0.384,0.719,0.346,0.204,1606228662.0419
5,0.29,1.954,1.697,0.792,0.5,0.213,0.382,0.724,0.327,0.18,1606228662.1674
6,0.275,1.621,1.426,0.718,0.486,0.223,0.413,0.682,0.308,0.166,1606228662.2922
7,0.268,1.335,1.135,0.621,0.489,0.238,0.466,0.609,0.298,0.164,1606228662.4172
8,0.283,1.173,0.916,0.532,0.507,0.264,0.529,0.546,0.303,0.169,1606228662.5427
9,0.325,1.142,0.83,0.474,0.531,0.303,0.585,0.527,0.323,0.177,1606228662.6677
10,0.391,1.18,0.883,0.455,0.552,0.345,0.62,0.568,0.355,0.187,1606228662.7924
11,0.464,1.197,1.03,0.472,0.562,0.376,0.627,0.659,0.392,0.199,1606228662.9179
12,0.521,1.129,1.194,0.513,0.559,0.388,0.606,0.764,0.424,0.21,1606228663.043
13,0.537,0.979,1.297,0.565,0.545,0.377,0.567,0.838,0.444,0.219,1606228663.1677
14,0.506,0.787,1.288,0.61,0.524,0.347,0.525,0.846,0.447,0.222,1606228663.2932
15,0.44,0.603,1.171,0.631,0.504,0.311,0.483,0.782,0.43,0.219,1606228663.4184
16,0.364,0.463,0.992,0.612,0.489,0.276,0.445,0.667,0.396,0.214,1606228663.5431
17,0.304,0.377,0.813,0.552,0.482,0.258,0.405,0.538,0.349,0.212,1606228663.6686
18,0.273,0.331,0.676,0.465,0.482,0.26,0.366,0.428,0.295,0.216,1606228663.7938
19,0.274,0.307,0.591,0.376,0.489,0.291,0.331,0.36,0.242,0.228,1606228663.9185
20,0.293,0.299,0.541,0.307,0.497,0.334,0.307,0.333,0.197,0.245,1606228664.0438
21,0.316,0.318,0.502,0.267,0.499,0.379,0.297,0.331,0.163,0.261,1606228664.1694
22,0.338,0.373,0.469,0.251,0.492,0.409,0.296,0.339,0.143,0.27,1606228664.2944
23,0.355,0.453,0.448,0.241,0.477,0.414,0.299,0.347,0.135,0.27,1606228664.4195
24,0.449,0.274,0.354,0.54,0.655,0.231,0.272,0.22,0.28,0.23,1606228670.9256
25,0.523,0.36,0.323,0.456,0.649,0.275,0.373,0.305,0.279,0.237,1606228671.0504
26,0.575,0.457,0.294,0.378,0.618,0.301,0.497,0.416,0.299,0.235,1606228671.1757
27,0.584,0.531,0.272,0.316,0.568,0.298,0.603,0.519,0.33,0.232,1606228671.3009
28,0.548,0.558,0.261,0.276,0.508,0.274,0.653,0.579,0.363,0.237,1606228671.4259
29,0.486,0.537,0.259,0.262,0.453,0.252,0.626,0.576,0.384,0.254,1606228671.5512
30,0.429,0.484,0.267,0.273,0.419,0.254,0.527,0.514,0.389,0.279,1606228671.6767
31,0.401,0.426,0.296,0.307,0.415,0.29,0.387,0.419,0.377,0.3,1606228671.8016
32,0.406,0.38,0.351,0.355,0.444,0.35,0.249,0.328,0.351,0.308,1606228671.9267
33,0.431,0.347,0.426,0.404,0.497,0.412,0.148,0.27,0.317,0.298,1606228672.0522
34,0.457,0.322,0.507,0.437,0.556,0.451,0.098,0.256,0.278,0.27,1606228672.1768
35,0.477,0.299,0.571,0.441,0.601,0.456,0.089,0.272,0.239,0.23,1606228672.3017
36,0.493,0.275,0.597,0.416,0.62,0.433,0.097,0.292,0.203,0.188,1606228672.4273
37,0.505,0.263,0.574,0.376,0.608,0.395,0.106,0.296,0.174,0.149,1606228672.5521
38,0.509,0.285,0.506,0.348,0.58,0.353,0.113,0.277,0.155,0.118,1606228672.677
39,0.5,0.364,0.411,0.352,0.554,0.312,0.118,0.236,0.145,0.095,1606228672.8024
40,0.464,0.511,0.316,0.394,0.548,0.269,0.131,0.183,0.142,0.081,1606228672.9272
41,0.404,0.715,0.246,0.464,0.563,0.225,0.163,0.133,0.14,0.076,1606228673.0522
42,0.334,0.944,0.214,0.547,0.592,0.188,0.221,0.102,0.14,0.08,1606228673.1777
43,0.289,1.148,0.215,0.629,0.614,0.177,0.302,0.103,0.147,0.096,1606228673.3027
44,0.289,1.274,0.237,0.698,0.615,0.212,0.401,0.136,0.167,0.122,1606228673.4274
45,0.343,1.288,0.261,0.74,0.592,0.302,0.512,0.19,0.198,0.152,1606228673.553
46,0.429,1.197,0.267,0.748,0.548,0.438,0.63,0.247,0.232,0.178,1606228673.678
47,0.517,1.048,0.25,0.721,0.491,0.587,0.738,0.287,0.26,0.191,1606228673.8027
48,0.519,1.205,0.302,0.529,0.303,0.279,0.272,0.388,0.188,0.187,1606228686.565
49,0.522,1.182,0.35,0.557,0.284,0.27,0.282,0.39,0.184,0.191,1606228686.6902
50,0.494,1.067,0.407,0.592,0.262,0.255,0.292,0.395,0.17,0.193,1606228686.815
51,0.455,0.94,0.472,0.627,0.24,0.241,0.303,0.396,0.15,0.192,1606228686.9403
52,0.417,0.881,0.54,0.652,0.222,0.231,0.309,0.382,0.127,0.187,1606228687.0656
53,0.389,0.924,0.611,0.661,0.218,0.222,0.305,0.348,0.104,0.18,1606228687.1907
54,0.366,1.037,0.678,0.654,0.236,0.207,0.285,0.297,0.09,0.176,1606228687.316
55,0.353,1.153,0.738,0.641,0.283,0.19,0.254,0.242,0.094,0.178,1606228687.4413
56,0.365,1.213,0.789,0.638,0.358,0.182,0.22,0.195,0.124,0.186,1606228687.5663
57,0.422,1.202,0.824,0.658,0.452,0.199,0.194,0.163,0.182,0.198,1606228687.6918
58,0.531,1.153,0.84,0.707,0.544,0.242,0.192,0.148,0.257,0.209,1606228687.817
59,0.666,1.102,0.831,0.778,0.618,0.301,0.225,0.149,0.329,0.215,1606228687.9414
60,0.777,1.064,0.791,0.863,0.666,0.351,0.298,0.162,0.379,0.215,1606228688.0665
61,0.819,1.038,0.735,0.949,0.684,0.375,0.4,0.182,0.395,0.21,1606228688.1918
62,0.777,1.008,0.686,1.009,0.674,0.367,0.504,0.204,0.379,0.206,1606228688.3164
63,0.672,0.96,0.666,1.027,0.644,0.34,0.582,0.227,0.343,0.207,1606228688.4416
64,0.542,0.894,0.682,0.998,0.607,0.313,0.614,0.254,0.305,0.212,1606228688.5669
65,0.433,0.826,0.71,0.928,0.579,0.307,0.602,0.286,0.281,0.22,1606228688.6917
66,0.38,0.761,0.721,0.83,0.568,0.333,0.564,0.315,0.274,0.227,1606228688.8168
67,0.386,0.694,0.701,0.717,0.577,0.379,0.527,0.336,0.276,0.229,1606228688.9423
68,0.424,0.619,0.654,0.603,0.595,0.427,0.509,0.347,0.275,0.226,1606228689.067
69,0.459,0.536,0.59,0.494,0.606,0.463,0.514,0.345,0.261,0.22,1606228689.1919
70,0.466,0.461,0.529,0.398,0.601,0.478,0.528,0.332,0.233,0.215,1606228689.3174
71,0.437,0.406,0.481,0.316,0.583,0.475,0.53,0.313,0.193,0.214,1606228689.4422
72,0.27,1.43,1.281,0.735,0.461,0.364,2.551,2.179,0.188,0.297,1606228692.8207
73,0.242,1.493,1.255,0.762,0.493,0.374,2.887,2.242,0.154,0.33,1606228692.9458
74,0.23,1.516,1.193,0.748,0.52,0.387,2.972,2.064,0.131,0.355,1606228693.0705
75,0.231,1.45,1.108,0.702,0.534,0.393,2.752,1.692,0.126,0.364,1606228693.196
76,0.233,1.304,1.034,0.646,0.53,0.382,2.268,1.232,0.136,0.358,1606228693.3213
77,0.228,1.122,1.012,0.601,0.509,0.35,1.664,0.8,0.157,0.338,1606228693.4461
78,0.211,0.95,1.064,0.58,0.477,0.311,1.125,0.484,0.184,0.312,1606228693.5713
79,0.19,0.801,1.182,0.59,0.448,0.285,0.791,0.311,0.21,0.284,1606228693.6966
80,0.182,0.675,1.336,0.622,0.438,0.288,0.707,0.244,0.231,0.261,1606228693.8215
81,0.214,0.595,1.48,0.66,0.473,0.331,0.819,0.218,0.243,0.251,1606228693.9466
82,0.307,0.6,1.561,0.688,0.57,0.416,1.015,0.191,0.246,0.26,1606228694.0719
83,0.466,0.713,1.552,0.688,0.723,0.543,1.199,0.162,0.242,0.291,1606228694.1967
84,0.657,0.925,1.459,0.652,0.904,0.682,1.311,0.146,0.233,0.336,1606228694.3217
85,0.824,1.179,1.315,0.59,1.068,0.793,1.332,0.156,0.226,0.383,1606228694.4475
86,0.92,1.386,1.159,0.523,1.173,0.838,1.28,0.204,0.224,0.419,1606228694.5723
87,0.912,1.46,1.016,0.477,1.196,0.792,1.197,0.284,0.228,0.44,1606228694.6972
88,0.81,1.364,0.884,0.47,1.137,0.669,1.119,0.378,0.234,0.449,1606228694.8227
89,0.649,1.123,0.747,0.505,1.02,0.505,1.063,0.456,0.237,0.453,1606228694.9477
90,0.474,0.817,0.601,0.571,0.883,0.344,1.02,0.492,0.23,0.46,1606228695.0725
91,0.326,0.545,0.46,0.641,0.76,0.22,0.967,0.476,0.215,0.469,1606228695.198
92,0.227,0.368,0.343,0.687,0.667,0.144,0.882,0.413,0.202,0.476,1606228695.3232
93,0.169,0.292,0.262,0.695,0.603,0.112,0.755,0.321,0.203,0.471,1606228695.4481
94,0.136,0.281,0.216,0.668,0.557,0.104,0.596,0.222,0.224,0.45,1606228695.5734
95,0.12,0.301,0.198,0.621,0.522,0.103,0.432,0.137,0.262,0.411,1606228695.6989
96,0.386,0.509,0.794,0.771,0.516,0.241,0.699,1.404,0.462,0.311,1606228702.2046
97,0.353,0.406,0.673,0.739,0.47,0.218,0.638,1.237,0.425,0.293,1606228702.3298
98,0.32,0.321,0.538,0.686,0.431,0.201,0.529,0.977,0.374,0.264,1606228702.4547
99,0.301,0.257,0.428,0.622,0.397,0.211,0.415,0.715,0.328,0.234,1606228702.5796
100,0.298,0.215,0.363,0.553,0.365,0.258,0.336,0.523,0.297,0.213,1606228702.7051
101,0.31,0.207,0.337,0.485,0.343,0.333,0.311,0.423,0.284,0.204,1606228702.8303
102,0.337,0.248,0.321,0.422,0.339,0.416,0.329,0.386,0.284,0.206,1606228702.9553
103,0.38,0.339,0.29,0.373,0.359,0.482,0.369,0.372,0.299,0.214,1606228703.0807
104,0.437,0.455,0.241,0.346,0.403,0.524,0.429,0.359,0.329,0.227,1606228703.2058
105,0.496,0.563,0.192,0.344,0.469,0.546,0.524,0.345,0.367,0.251,1606228703.3306
106,0.559,0.624,0.171,0.371,0.556,0.559,0.667,0.332,0.403,0.296,1606228703.456
107,0.618,0.616,0.196,0.427,0.655,0.584,0.846,0.32,0.427,0.364,1606228703.5809
108,0.681,0.541,0.259,0.505,0.753,0.639,1.027,0.309,0.433,0.445,1606228703.7057
109,0.745,0.427,0.336,0.585,0.829,0.725,1.162,0.294,0.419,0.521,1606228703.831
110,0.802,0.318,0.395,0.647,0.864,0.826,1.217,0.278,0.388,0.568,1606228703.9561
111,0.834,0.278,0.418,0.683,0.845,0.913,1.214,0.28,0.351,0.568,1606228704.0808
112,0.825,0.367,0.408,0.692,0.774,0.958,1.224,0.313,0.316,0.52,1606228704.2061
113,0.766,0.605,0.388,0.686,0.668,0.945,1.325,0.383,0.293,0.44,1606228704.3312
114,0.666,0.953,0.383,0.678,0.557,0.874,1.535,0.475,0.285,0.355,1606228704.456
115,0.552,1.32,0.406,0.674,0.471,0.762,1.8,0.566,0.291,0.287,1606228704.5813
116,0.451,1.593,0.459,0.669,0.427,0.631,2.016,0.633,0.306,0.252,1606228704.7067
117,0.382,1.692,0.529,0.65,0.421,0.513,2.09,0.659,0.323,0.247,1606228704.8317
118,0.341,1.595,0.595,0.608,0.435,0.418,1.984,0.642,0.335,0.261,1606228704.9568
119,0.317,1.353,0.641,0.545,0.446,0.344,1.733,0.594,0.336,0.277,1606228705.0823
120,0.323,0.807,0.316,0.41,0.303,0.183,0.436,0.159,0.156,0.163,1606228724.1003
121,0.386,0.755,0.361,0.35,0.304,0.204,0.402,0.152,0.144,0.162,1606228724.2252
122,0.434,0.685,0.375,0.308,0.312,0.222,0.376,0.147,0.154,0.18,1606228724.3506
123,0.437,0.587,0.35,0.291,0.329,0.232,0.341,0.145,0.184,0.216,1606228724.4755
124,0.389,0.468,0.297,0.299,0.355,0.228,0.29,0.148,0.228,0.26,1606228724.6003
125,0.317,0.351,0.235,0.323,0.387,0.226,0.241,0.16,0.273,0.302,1606228724.7258
126,0.247,0.264,0.188,0.349,0.423,0.229,0.216,0.187,0.308,0.33,1606228724.8509
127,0.204,0.224,0.173,0.365,0.458,0.239,0.229,0.228,0.325,0.338,1606228724.9757
128,0.184,0.236,0.189,0.366,0.484,0.247,0.277,0.274,0.323,0.327,1606228725.101
129,0.182,0.3,0.225,0.351,0.497,0.248,0.345,0.315,0.309,0.302,1606228725.2264
130,0.187,0.406,0.267,0.325,0.496,0.246,0.417,0.346,0.291,0.272,1606228725.3511
131,0.2,0.546,0.3,0.295,0.488,0.249,0.481,0.363,0.275,0.245,1606228725.4766
132,0.221,0.721,0.318,0.264,0.478,0.264,0.537,0.365,0.262,0.225,1606228725.6021
133,0.254,0.928,0.326,0.239,0.468,0.296,0.589,0.357,0.249,0.215,1606228725.7269
134,0.302,1.15,0.342,0.223,0.458,0.343,0.643,0.347,0.233,0.215,1606228725.8521
135,0.366,1.349,0.37,0.22,0.447,0.395,0.693,0.343,0.212,0.225,1606228725.9776
136,0.433,1.476,0.408,0.231,0.431,0.439,0.723,0.345,0.19,0.243,1606228726.1022
137,0.486,1.495,0.443,0.257,0.413,0.46,0.717,0.353,0.17,0.266,1606228726.2271
138,0.509,1.393,0.465,0.303,0.393,0.45,0.665,0.362,0.158,0.287,1606228726.3526
139,0.49,1.193,0.472,0.365,0.377,0.414,0.576,0.372,0.16,0.299,1606228726.4775
140,0.433,0.948,0.47,0.435,0.375,0.371,0.478,0.379,0.177,0.298,1606228726.6026
141,0.353,0.726,0.468,0.497,0.391,0.341,0.404,0.378,0.203,0.286,1606228726.7281
142,0.279,0.582,0.471,0.536,0.421,0.342,0.373,0.366,0.231,0.266,1606228726.8531
143,0.23,0.525,0.482,0.538,0.456,0.372,0.377,0.341,0.252,0.243,1606228726.9778
144,0.491,0.987,0.576,0.533,0.406,0.312,0.79,0.254,0.404,0.249,1606228733.4852
145,0.497,0.953,0.499,0.53,0.432,0.344,0.779,0.243,0.411,0.275,1606228733.6101
146,0.521,0.825,0.425,0.536,0.454,0.376,0.694,0.241,0.411,0.297,1606228733.7351
147,0.553,0.636,0.39,0.539,0.471,0.395,0.563,0.262,0.406,0.31,1606228733.8603
148,0.572,0.45,0.424,0.533,0.488,0.395,0.425,0.308,0.399,0.312,1606228733.9854
149,0.564,0.329,0.534,0.515,0.509,0.383,0.312,0.372,0.391,0.301,1606228734.1107
150,0.533,0.316,0.695,0.49,0.533,0.364,0.239,0.438,0.38,0.283,1606228734.2359
151,0.493,0.408,0.853,0.459,0.552,0.344,0.199,0.485,0.362,0.261,1606228734.3612
152,0.472,0.564,0.954,0.428,0.557,0.322,0.176,0.499,0.334,0.242,1606228734.4859
153,0.498,0.719,0.968,0.398,0.545,0.3,0.153,0.482,0.299,0.23,1606228734.6112
154,0.584,0.826,0.898,0.368,0.522,0.28,0.127,0.445,0.263,0.228,1606228734.7363
155,0.724,0.865,0.775,0.342,0.497,0.272,0.108,0.405,0.235,0.236,1606228734.861
156,0.887,0.839,0.647,0.332,0.481,0.289,0.099,0.369,0.223,0.25,1606228734.9863
157,1.026,0.768,0.556,0.351,0.476,0.332,0.1,0.34,0.232,0.264,1606228735.1114
158,1.095,0.676,0.524,0.405,0.477,0.387,0.109,0.311,0.255,0.272,1606228735.236
159,1.065,0.584,0.54,0.484,0.478,0.429,0.136,0.276,0.285,0.271,1606228735.3612
160,0.937,0.495,0.577,0.568,0.47,0.439,0.193,0.239,0.311,0.262,1606228735.4866
161,0.745,0.406,0.605,0.631,0.452,0.416,0.276,0.207,0.325,0.251,1606228735.6114
162,0.546,0.333,0.608,0.652,0.43,0.374,0.374,0.19,0.328,0.243,1606228735.7365
163,0.398,0.302,0.585,0.627,0.413,0.341,0.466,0.195,0.323,0.241,1606228735.8622
164,0.332,0.336,0.546,0.568,0.409,0.331,0.531,0.219,0.313,0.242,1606228735.9868
165,0.343,0.424,0.5,0.498,0.418,0.349,0.557,0.256,0.305,0.242,1606228736.1125
166,0.4,0.529,0.449,0.436,0.433,0.38,0.54,0.294,0.296,0.237,1606228736.2379
167,0.469,0.608,0.395,0.395,0.449,0.418,0.493,0.322,0.286,0.225,1606228736.3627
168,0.661,0.979,0.423,0.675,0.634,0.628,0.548,0.849,0.303,0.328,1606228749.1242
169,0.549,0.883,0.4,0.623,0.633,0.566,0.458,0.801,0.317,0.304,1606228749.2496
170,0.43,0.762,0.438,0.56,0.632,0.48,0.41,0.749,0.332,0.284,1606228749.3745
171,0.315,0.622,0.517,0.513,0.625,0.391,0.372,0.697,0.359,0.268,1606228749.4996
172,0.219,0.481,0.608,0.503,0.608,0.32,0.341,0.655,0.403,0.254,1606228749.6248
173,0.155,0.355,0.678,0.526,0.582,0.274,0.334,0.637,0.456,0.239,1606228749.7496
174,0.129,0.257,0.699,0.559,0.545,0.249,0.36,0.637,0.505,0.224,1606228749.8747
175,0.137,0.199,0.657,0.571,0.503,0.231,0.419,0.636,0.53,0.214,1606228750.0001
176,0.161,0.195,0.566,0.55,0.464,0.208,0.499,0.613,0.523,0.208,1606228750.125
177,0.184,0.25,0.464,0.508,0.443,0.179,0.574,0.561,0.486,0.21,1606228750.2499
178,0.199,0.349,0.393,0.476,0.457,0.155,0.62,0.493,0.431,0.219,1606228750.3756
179,0.202,0.465,0.379,0.482,0.516,0.142,0.623,0.43,0.374,0.234,1606228750.5008
180,0.199,0.572,0.426,0.536,0.607,0.141,0.584,0.396,0.328,0.256,1606228750.6254
181,0.191,0.646,0.513,0.621,0.706,0.149,0.518,0.395,0.296,0.282,1606228750.7508
182,0.184,0.683,0.609,0.706,0.777,0.161,0.448,0.412,0.276,0.31,1606228750.8759
183,0.179,0.691,0.693,0.766,0.801,0.177,0.395,0.43,0.269,0.34,1606228751.0007
184,0.182,0.684,0.763,0.785,0.78,0.201,0.372,0.438,0.279,0.37,1606228751.1259
185,0.195,0.68,0.824,0.766,0.733,0.241,0.384,0.439,0.308,0.399,1606228751.251
186,0.219,0.685,0.88,0.716,0.685,0.3,0.424,0.44,0.352,0.422,1606228751.3758
187,0.255,0.698,0.93,0.649,0.654,0.371,0.482,0.451,0.4,0.435,1606228751.5013
188,0.299,0.72,0.967,0.581,0.643,0.435,0.546,0.472,0.434,0.436,1606228751.627
189,0.341,0.758,0.981,0.53,0.641,0.476,0.604,0.499,0.445,0.423,1606228751.7517
190,0.368,0.819,0.971,0.507,0.636,0.481,0.656,0.53,0.431,0.398,1606228751.8768
191,0.37,0.902,0.944,0.513,0.624,0.448,0.703,0.562,0.399,0.365,1606228752.0021
192,0.527,0.54,0.344,0.267,0.238,0.502,0.234,0.459,0.236,0.234,1606228761.6361
193,0.442,0.387,0.34,0.184,0.208,0.463,0.162,0.349,0.195,0.212,1606228761.7612
194,0.355,0.266,0.339,0.141,0.187,0.408,0.118,0.241,0.16,0.19,1606228761.8868
195,0.289,0.198,0.34,0.134,0.172,0.361,0.105,0.156,0.138,0.169,1606228762.0114
196,0.26,0.188,0.341,0.146,0.167,0.339,0.118,0.103,0.127,0.149,1606228762.1367
197,0.267,0.228,0.342,0.166,0.175,0.338,0.146,0.077,0.126,0.133,1606228762.262
198,0.298,0.288,0.34,0.184,0.198,0.342,0.171,0.067,0.131,0.123,1606228762.3868
199,0.337,0.341,0.338,0.199,0.238,0.333,0.181,0.064,0.137,0.118,1606228762.512
200,0.376,0.365,0.332,0.21,0.288,0.313,0.175,0.065,0.149,0.12,1606228762.6373
201,0.417,0.353,0.318,0.222,0.34,0.294,0.16,0.069,0.171,0.128,1606228762.7619
202,0.457,0.315,0.292,0.238,0.382,0.287,0.149,0.076,0.208,0.144,1606228762.8869
203,0.491,0.276,0.251,0.266,0.407,0.295,0.153,0.086,0.259,0.166,1606228763.0124
204,0.512,0.26,0.201,0.315,0.417,0.306,0.181,0.097,0.321,0.192,1606228763.1371
205,0.52,0.279,0.149,0.387,0.423,0.312,0.229,0.107,0.385,0.219,1606228763.2625
206,0.517,0.322,0.106,0.47,0.436,0.307,0.289,0.116,0.442,0.245,1606228763.3878
207,0.507,0.365,0.079,0.546,0.467,0.294,0.349,0.121,0.479,0.274,1606228763.5126
208,0.498,0.385,0.071,0.59,0.524,0.28,0.397,0.125,0.487,0.313,1606228763.6376
209,0.504,0.376,0.076,0.592,0.605,0.271,0.43,0.125,0.463,0.362,1606228763.7631
210,0.546,0.343,0.086,0.551,0.702,0.274,0.443,0.119,0.411,0.413,1606228763.8879
211,0.628,0.301,0.097,0.483,0.797,0.286,0.436,0.11,0.342,0.453,1606228764.0126
212,0.739,0.27,0.111,0.412,0.873,0.304,0.411,0.101,0.269,0.464,1606228764.1381
213,0.845,0.262,0.135,0.356,0.913,0.323,0.373,0.099,0.204,0.441,1606228764.2632
214,0.907,0.279,0.173,0.327,0.906,0.338,0.325,0.108,0.155,0.388,1606228764.3881
215,0.9,0.314,0.22,0.324,0.852,0.346,0.275,0.127,0.123,0.32,1606228764.5138
216,0.203,0.906,0.692,0.419,0.799,0.251,1.024,0.443,0.267,0.372,1606228774.1483
217,0.237,0.994,0.614,0.438,0.697,0.256,1.033,0.44,0.268,0.323,1606228774.273
218,0.26,1.062,0.516,0.452,0.604,0.259,1.051,0.419,0.264,0.283,1606228774.3983
219,0.279,1.108,0.419,0.468,0.54,0.271,1.066,0.384,0.257,0.268,1606228774.5233
220,0.294,1.136,0.353,0.495,0.51,0.295,1.071,0.351,0.255,0.278,1606228774.6481
221,0.311,1.161,0.34,0.536,0.505,0.327,1.074,0.345,0.265,0.297,1606228774.7736
222,0.326,1.2,0.374,0.581,0.512,0.357,1.095,0.373,0.29,0.309,1606228774.8986
223,0.334,1.251,0.437,0.611,0.514,0.369,1.145,0.43,0.325,0.3,1606228775.0232
224,0.326,1.284,0.503,0.611,0.501,0.355,1.201,0.494,0.363,0.272,1606228775.1485
225,0.3,1.261,0.548,0.578,0.471,0.318,1.225,0.535,0.392,0.234,1606228775.274
226,0.264,1.161,0.561,0.521,0.427,0.268,1.18,0.535,0.4,0.195,1606228775.3987
227,0.223,0.986,0.537,0.455,0.377,0.209,1.046,0.487,0.381,0.165,1606228775.524
228,0.184,0.765,0.483,0.397,0.332,0.149,0.836,0.404,0.34,0.148,1606228775.6496
229,0.153,0.545,0.413,0.359,0.305,0.101,0.595,0.307,0.291,0.145,1606228775.7745
230,0.134,0.37,0.345,0.354,0.299,0.079,0.382,0.22,0.256,0.153,1606228775.8996
231,0.123,0.262,0.29,0.389,0.311,0.081,0.237,0.162,0.251,0.168,1606228776.0252
232,0.116,0.22,0.256,0.467,0.341,0.101,0.17,0.131,0.281,0.187,1606228776.1501
233,0.112,0.223,0.242,0.575,0.39,0.13,0.165,0.119,0.332,0.207,1606228776.2753
234,0.108,0.249,0.243,0.685,0.457,0.153,0.193,0.113,0.381,0.224,1606228776.4006
235,0.105,0.282,0.25,0.768,0.534,0.162,0.23,0.108,0.407,0.238,1606228776.5262
236,0.104,0.324,0.258,0.805,0.609,0.16,0.27,0.101,0.402,0.246,1606228776.6509
237,0.108,0.377,0.263,0.804,0.666,0.152,0.314,0.097,0.375,0.251,1606228776.7762
238,0.117,0.438,0.27,0.788,0.687,0.149,0.361,0.102,0.345,0.253,1606228776.9013
239,0.137,0.509,0.296,0.783,0.664,0.153,0.409,0.123,0.327,0.253,1606228777.026
240,0.157,0.142,0.274,0.35,0.389,0.176,0.247,0.303,0.261,0.192,1606228783.5314
241,0.162,0.15,0.22,0.317,0.427,0.159,0.187,0.309,0.233,0.184,1606228783.656
242,0.167,0.16,0.202,0.292,0.479,0.159,0.17,0.353,0.208,0.19,1606228783.7813
243,0.169,0.168,0.203,0.28,0.53,0.171,0.176,0.417,0.191,0.209,1606228783.9069
244,0.171,0.166,0.211,0.28,0.563,0.187,0.188,0.476,0.185,0.233,1606228784.032
245,0.173,0.151,0.223,0.284,0.563,0.201,0.197,0.513,0.183,0.253,1606228784.1571
246,0.178,0.127,0.237,0.281,0.528,0.205,0.199,0.52,0.177,0.263,1606228784.2825
247,0.187,0.099,0.252,0.265,0.466,0.201,0.189,0.497,0.161,0.257,1606228784.4074
248,0.201,0.072,0.261,0.245,0.395,0.194,0.172,0.463,0.142,0.236,1606228784.5323
249,0.218,0.049,0.262,0.236,0.335,0.189,0.16,0.444,0.13,0.207,1606228784.6578
250,0.233,0.035,0.255,0.249,0.297,0.188,0.169,0.458,0.135,0.18,1606228784.7826
251,0.245,0.036,0.242,0.291,0.284,0.192,0.217,0.504,0.161,0.163,1606228784.9074
252,0.26,0.062,0.228,0.357,0.292,0.201,0.313,0.565,0.202,0.159,1606228785.033
253,0.291,0.12,0.222,0.44,0.311,0.221,0.456,0.616,0.248,0.168,1606228785.1584
254,0.348,0.209,0.234,0.524,0.33,0.26,0.614,0.64,0.29,0.182,1606228785.2833
255,0.42,0.313,0.265,0.592,0.34,0.316,0.746,0.637,0.319,0.196,1606228785.4086
256,0.488,0.405,0.309,0.627,0.34,0.379,0.818,0.617,0.329,0.205,1606228785.5338
257,0.523,0.458,0.354,0.624,0.33,0.43,0.811,0.589,0.319,0.208,1606228785.6586
258,0.509,0.457,0.383,0.591,0.315,0.454,0.728,0.552,0.294,0.209,1606228785.784
259,0.446,0.404,0.384,0.543,0.299,0.445,0.602,0.504,0.26,0.211,1606228785.9093
260,0.356,0.319,0.357,0.494,0.282,0.41,0.472,0.441,0.228,0.217,1606228786.0342
261,0.273,0.23,0.315,0.45,0.266,0.37,0.367,0.364,0.204,0.229,1606228786.1595
262,0.227,0.164,0.276,0.412,0.254,0.346,0.3,0.286,0.194,0.244,1606228786.285
263,0.229,0.136,0.255,0.375,0.248,0.35,0.269,0.226,0.195,0.256,1606228786.4097
264,0.317,0.168,0.135,0.319,0.399,0.208,0.255,0.195,0.219,0.195,1606228789.788
265,0.352,0.124,0.132,0.333,0.382,0.184,0.233,0.199,0.195,0.163,1606228789.913
266,0.368,0.095,0.139,0.328,0.369,0.163,0.205,0.2,0.175,0.135,1606228790.0378
267,0.362,0.091,0.158,0.313,0.356,0.153,0.184,0.199,0.162,0.114,1606228790.1631
268,0.341,0.111,0.19,0.316,0.34,0.159,0.174,0.197,0.161,0.103,1606228790.2881
269,0.31,0.154,0.23,0.361,0.323,0.175,0.177,0.197,0.175,0.099,1606228790.413
270,0.277,0.212,0.271,0.452,0.306,0.191,0.184,0.2,0.201,0.101,1606228790.5387
271,0.246,0.278,0.304,0.578,0.293,0.196,0.194,0.203,0.236,0.109,1606228790.664
272,0.223,0.348,0.319,0.71,0.287,0.191,0.209,0.2,0.275,0.12,1606228790.7887
273,0.211,0.426,0.316,0.82,0.293,0.181,0.235,0.192,0.314,0.135,1606228790.914
274,0.216,0.515,0.297,0.882,0.314,0.174,0.27,0.179,0.347,0.152,1606228791.0394
275,0.239,0.613,0.264,0.886,0.347,0.174,0.308,0.16,0.367,0.17,1606228791.164
276,0.276,0.706,0.225,0.834,0.381,0.179,0.338,0.137,0.372,0.186,1606228791.2893
277,0.311,0.778,0.188,0.742,0.407,0.18,0.356,0.117,0.36,0.197,1606228791.4147
278,0.336,0.82,0.156,0.631,0.416,0.174,0.373,0.101,0.332,0.2,1606228791.5396
279,0.343,0.839,0.131,0.525,0.41,0.166,0.416,0.093,0.296,0.198,1606228791.6649
280,0.347,0.864,0.112,0.44,0.396,0.175,0.513,0.09,0.261,0.194,1606228791.7904
281,0.368,0.924,0.095,0.388,0.385,0.221,0.676,0.092,0.239,0.191,1606228791.9153
282,0.425,1.029,0.082,0.372,0.382,0.321,0.884,0.096,0.235,0.193,1606228792.0402
283,0.511,1.156,0.078,0.392,0.389,0.466,1.092,0.104,0.248,0.2,1606228792.1654
284,0.6,1.26,0.095,0.438,0.401,0.634,1.249,0.124,0.27,0.211,1606228792.2903
285,0.651,1.304,0.141,0.496,0.411,0.78,1.322,0.164,0.292,0.222,1606228792.4153
286,0.644,1.275,0.217,0.549,0.419,0.869,1.31,0.233,0.307,0.228,1606228792.5407
287,0.574,1.193,0.314,0.579,0.427,0.88,1.237,0.322,0.309,0.226,1606228792.666
288,0.198,0.456,0.687,0.298,0.401,0.2,0.39,0.481,0.219,0.198,1606228802.3002
289,0.252,0.488,0.794,0.311,0.452,0.222,0.495,0.565,0.219,0.231,1606228802.4256
290,0.298,0.482,0.83,0.329,0.491,0.236,0.574,0.581,0.214,0.264,1606228802.5507
291,0.323,0.435,0.783,0.346,0.498,0.237,0.604,0.521,0.208,0.281,1606228802.6754
292,0.32,0.357,0.67,0.359,0.465,0.231,0.579,0.404,0.205,0.273,1606228802.8012
293,0.299,0.27,0.53,0.362,0.401,0.223,0.521,0.271,0.209,0.24,1606228802.9263
294,0.276,0.203,0.406,0.356,0.327,0.217,0.463,0.166,0.224,0.193,1606228803.0509
295,0.266,0.173,0.321,0.344,0.264,0.215,0.438,0.118,0.253,0.145,1606228803.1761
296,0.275,0.188,0.272,0.332,0.227,0.216,0.46,0.12,0.29,0.11,1606228803.3012
297,0.298,0.24,0.243,0.323,0.222,0.221,0.517,0.147,0.326,0.089,1606228803.4265
298,0.318,0.311,0.216,0.314,0.241,0.224,0.579,0.173,0.347,0.081,1606228803.5516
299,0.322,0.38,0.186,0.302,0.271,0.227,0.619,0.187,0.342,0.08,1606228803.6769
300,0.31,0.429,0.16,0.286,0.299,0.229,0.62,0.191,0.31,0.081,1606228803.8022
301,0.298,0.449,0.158,0.269,0.315,0.237,0.578,0.196,0.258,0.08,1606228803.9272
302,0.295,0.444,0.196,0.259,0.312,0.254,0.505,0.213,0.201,0.076,1606228804.0525
303,0.307,0.426,0.28,0.263,0.295,0.273,0.414,0.247,0.161,0.071,1606228804.1771
304,0.327,0.414,0.399,0.286,0.271,0.287,0.326,0.293,0.15,0.065,1606228804.302
305,0.356,0.419,0.53,0.327,0.25,0.292,0.256,0.342,0.172,0.06,1606228804.4276
306,0.395,0.444,0.644,0.383,0.239,0.299,0.214,0.381,0.216,0.059,1606228804.5525
307,0.453,0.477,0.716,0.447,0.244,0.323,0.21,0.401,0.263,0.063,1606228804.6776
308,0.544,0.504,0.733,0.508,0.264,0.377,0.248,0.401,0.296,0.076,1606228804.8029
309,0.654,0.513,0.699,0.557,0.293,0.455,0.323,0.386,0.304,0.097,1606228804.9277
310,0.757,0.502,0.634,0.591,0.322,0.542,0.416,0.371,0.289,0.123,1606228805.0527
311,0.822,0.474,0.562,0.618,0.347,0.614,0.501,0.366,0.267,0.149,1606228805.1782
312,0.121,0.945,0.403,0.452,0.445,0.193,0.65,0.574,0.288,0.217,1606228817.9409
313,0.151,1.0,0.362,0.391,0.459,0.242,0.707,0.54,0.287,0.268,1606228818.0656
314,0.222,0.979,0.313,0.346,0.491,0.306,0.705,0.478,0.283,0.323,1606228818.1908
315,0.341,0.888,0.277,0.335,0.531,0.395,0.637,0.41,0.279,0.368,1606228818.316
316,0.499,0.748,0.266,0.358,0.565,0.506,0.526,0.363,0.274,0.392,1606228818.4407
317,0.671,0.591,0.275,0.4,0.581,0.625,0.408,0.346,0.272,0.39,1606228818.5661
318,0.821,0.445,0.29,0.442,0.572,0.724,0.324,0.356,0.27,0.364,1606228818.6914
319,0.913,0.328,0.294,0.472,0.542,0.773,0.296,0.378,0.272,0.323,1606228818.8163
320,0.931,0.251,0.287,0.488,0.5,0.762,0.317,0.396,0.279,0.278,1606228818.9416
321,0.871,0.216,0.283,0.5,0.457,0.696,0.364,0.4,0.291,0.238,1606228819.0672
322,0.76,0.216,0.294,0.521,0.421,0.601,0.403,0.387,0.31,0.208,1606228819.1919
323,0.624,0.236,0.323,0.556,0.399,0.502,0.41,0.355,0.332,0.187,1606228819.317
324,0.497,0.257,0.355,0.594,0.392,0.42,0.378,0.305,0.352,0.173,1606228819.4424
325,0.399,0.272,0.375,0.617,0.397,0.368,0.324,0.247,0.362,0.166,1606228819.5671
326,0.343,0.284,0.371,0.607,0.411,0.343,0.272,0.192,0.359,0.164,1606228819.6922
327,0.332,0.296,0.344,0.557,0.428,0.336,0.24,0.151,0.342,0.169,1606228819.8175
328,0.365,0.313,0.309,0.479,0.445,0.336,0.239,0.135,0.316,0.179,1606228819.9423
329,0.423,0.334,0.288,0.394,0.462,0.34,0.266,0.166,0.286,0.195,1606228820.0673
330,0.481,0.35,0.299,0.326,0.482,0.344,0.312,0.264,0.258,0.213,1606228820.1928
331,0.524,0.352,0.338,0.287,0.507,0.348,0.363,0.43,0.235,0.228,1606228820.3174
332,0.539,0.335,0.385,0.275,0.537,0.353,0.402,0.64,0.217,0.236,1606228820.4423
333,0.528,0.31,0.419,0.275,0.565,0.356,0.427,0.855,0.203,0.237,1606228820.5677
334,0.505,0.311,0.432,0.273,0.584,0.354,0.458,1.024,0.188,0.231,1606228820.6928
335,0.489,0.378,0.436,0.263,0.586,0.346,0.516,1.104,0.176,0.222,1606228820.8179
336,0.246,0.33,0.334,0.273,0.359,0.328,0.336,0.582,0.226,0.156,1606228830.4522
337,0.234,0.341,0.362,0.241,0.348,0.291,0.298,0.541,0.207,0.14,1606228830.5773
338,0.238,0.361,0.398,0.206,0.354,0.295,0.291,0.46,0.181,0.132,1606228830.7022
339,0.253,0.381,0.445,0.174,0.373,0.321,0.334,0.37,0.155,0.135,1606228830.8277
340,0.269,0.389,0.506,0.149,0.398,0.347,0.424,0.309,0.133,0.15,1606228830.9525
341,0.276,0.375,0.579,0.136,0.419,0.353,0.529,0.306,0.121,0.173,1606228831.0775
342,0.267,0.343,0.657,0.136,0.428,0.332,0.612,0.364,0.119,0.197,1606228831.2029
343,0.242,0.306,0.721,0.149,0.425,0.289,0.648,0.456,0.13,0.219,1606228831.3277
344,0.208,0.277,0.744,0.172,0.417,0.244,0.637,0.543,0.153,0.238,1606228831.4526
345,0.174,0.265,0.713,0.202,0.414,0.208,0.6,0.602,0.183,0.253,1606228831.5779
346,0.143,0.268,0.634,0.233,0.419,0.188,0.556,0.62,0.214,0.265,1606228831.7028
347,0.122,0.274,0.528,0.262,0.431,0.182,0.514,0.599,0.237,0.276,1606228831.8277
348,0.114,0.275,0.425,0.292,0.448,0.191,0.476,0.552,0.246,0.287,1606228831.9532
349,0.122,0.269,0.351,0.324,0.467,0.211,0.442,0.496,0.241,0.301,1606228832.0784
350,0.139,0.259,0.314,0.357,0.487,0.235,0.411,0.441,0.23,0.315,1606228832.2031
351,0.161,0.255,0.31,0.384,0.503,0.26,0.392,0.391,0.219,0.325,1606228832.3287
352,0.188,0.269,0.324,0.395,0.509,0.282,0.402,0.347,0.214,0.328,1606228832.4539
353,0.231,0.316,0.339,0.386,0.499,0.312,0.461,0.313,0.214,0.32,1606228832.5784
354,0.305,0.4,0.351,0.36,0.474,0.364,0.569,0.299,0.215,0.304,1606228832.7039
355,0.418,0.509,0.359,0.325,0.437,0.445,0.697,0.308,0.213,0.284,1606228832.8291
356,0.561,0.621,0.365,0.293,0.393,0.563,0.801,0.337,0.21,0.263,1606228832.954
357,0.707,0.713,0.365,0.274,0.349,0.705,0.852,0.373,0.21,0.243,1606228833.0793
358,0.813,0.77,0.357,0.273,0.312,0.839,0.841,0.395,0.22,0.225,1606228833.2047
359,0.842,0.792,0.34,0.293,0.285,0.919,0.781,0.387,0.244,0.207,1606228833.3292
360,0.655,0.588,0.2,0.303,0.425,0.402,0.519,0.398,0.208,0.312,1606228842.9647
361,0.67,0.498,0.199,0.286,0.43,0.386,0.49,0.369,0.242,0.297,1606228843.0899
362,0.621,0.406,0.222,0.284,0.426,0.338,0.493,0.322,0.269,0.278,1606228843.2152
363,0.528,0.317,0.263,0.293,0.421,0.27,0.495,0.266,0.283,0.256,1606228843.3399
364,0.427,0.245,0.306,0.308,0.422,0.202,0.478,0.22,0.277,0.239,1606228843.4652
365,0.349,0.208,0.338,0.319,0.438,0.159,0.448,0.2,0.254,0.234,1606228843.5903
366,0.304,0.212,0.351,0.325,0.472,0.146,0.428,0.216,0.221,0.248,1606228843.7159
367,0.28,0.246,0.346,0.329,0.519,0.158,0.428,0.258,0.188,0.279,1606228843.8409
368,0.26,0.295,0.33,0.338,0.568,0.183,0.447,0.305,0.165,0.316,1606228843.966
369,0.232,0.347,0.309,0.356,0.602,0.206,0.474,0.337,0.16,0.345,1606228844.0906
370,0.198,0.395,0.286,0.38,0.605,0.221,0.496,0.343,0.171,0.352,1606228844.2157
371,0.168,0.442,0.263,0.406,0.571,0.228,0.516,0.327,0.194,0.336,1606228844.3411
372,0.154,0.494,0.242,0.428,0.509,0.228,0.547,0.303,0.222,0.303,1606228844.4659
373,0.162,0.55,0.225,0.445,0.437,0.226,0.606,0.289,0.25,0.265,1606228844.5912
374,0.187,0.601,0.214,0.455,0.374,0.225,0.693,0.295,0.277,0.232,1606228844.7166
375,0.219,0.635,0.204,0.462,0.334,0.224,0.798,0.317,0.301,0.207,1606228844.8415
376,0.248,0.642,0.191,0.47,0.319,0.221,0.888,0.344,0.323,0.192,1606228844.9667
377,0.269,0.624,0.175,0.484,0.324,0.215,0.926,0.361,0.345,0.184,1606228845.092
378,0.283,0.597,0.162,0.507,0.342,0.211,0.895,0.36,0.372,0.181,1606228845.2168
379,0.294,0.584,0.158,0.543,0.366,0.214,0.796,0.342,0.407,0.184,1606228845.3417
380,0.31,0.603,0.167,0.591,0.392,0.229,0.654,0.312,0.446,0.19,1606228845.467
381,0.336,0.656,0.195,0.648,0.414,0.249,0.502,0.279,0.481,0.197,1606228845.5923
382,0.369,0.73,0.237,0.704,0.426,0.267,0.374,0.247,0.503,0.2,1606228845.717
383,0.397,0.798,0.284,0.745,0.424,0.272,0.292,0.22,0.509,0.197,1606228845.8425
384,0.486,0.356,0.148,0.257,0.311,0.226,0.194,0.141,0.15,0.115,1606228858.6055
385,0.514,0.39,0.167,0.246,0.292,0.234,0.244,0.135,0.162,0.11,1606228858.7305
386,0.518,0.449,0.195,0.228,0.269,0.237,0.331,0.138,0.17,0.112,1606228858.8557
387,0.499,0.536,0.228,0.21,0.25,0.232,0.442,0.153,0.174,0.119,1606228858.981
388,0.471,0.634,0.264,0.201,0.239,0.225,0.558,0.175,0.174,0.13,1606228859.106
389,0.45,0.707,0.296,0.203,0.235,0.226,0.649,0.196,0.172,0.141,1606228859.2314
390,0.45,0.724,0.316,0.213,0.239,0.242,0.688,0.208,0.17,0.149,1606228859.3567
391,0.467,0.674,0.319,0.227,0.256,0.269,0.666,0.209,0.172,0.153,1606228859.4813
392,0.485,0.575,0.305,0.24,0.296,0.292,0.591,0.201,0.176,0.155,1606228859.6065
393,0.485,0.471,0.273,0.246,0.361,0.302,0.49,0.187,0.183,0.155,1606228859.7321
394,0.455,0.41,0.227,0.242,0.443,0.293,0.399,0.17,0.187,0.156,1606228859.8571
395,0.395,0.411,0.174,0.231,0.525,0.269,0.349,0.151,0.188,0.161,1606228859.982
396,0.313,0.458,0.122,0.221,0.586,0.241,0.347,0.134,0.184,0.17,1606228860.1075
397,0.226,0.514,0.083,0.219,0.619,0.22,0.378,0.121,0.178,0.186,1606228860.2327
398,0.161,0.544,0.06,0.229,0.628,0.214,0.414,0.121,0.169,0.21,1606228860.3575
399,0.141,0.53,0.054,0.248,0.627,0.219,0.426,0.132,0.159,0.241,1606228860.4828
400,0.175,0.478,0.064,0.267,0.625,0.226,0.398,0.154,0.147,0.274,1606228860.6078
401,0.253,0.41,0.09,0.281,0.621,0.221,0.339,0.184,0.134,0.299,1606228860.7325
402,0.343,0.348,0.132,0.285,0.603,0.203,0.272,0.217,0.123,0.308,1606228860.8582
403,0.421,0.305,0.195,0.281,0.559,0.179,0.222,0.25,0.119,0.298,1606228860.9833
404,0.46,0.281,0.277,0.274,0.487,0.159,0.199,0.274,0.123,0.274,1606228861.108
405,0.447,0.265,0.368,0.272,0.403,0.15,0.203,0.281,0.136,0.248,1606228861.2335
406,0.388,0.248,0.445,0.278,0.329,0.15,0.219,0.269,0.154,0.23,1606228861.3587
407,0.314,0.226,0.487,0.294,0.285,0.158,0.236,0.24,0.173,0.224,1606228861.4834
408,0.348,0.316,0.487,0.578,0.335,0.276,0.254,0.487,0.304,0.163,1606228864.8622
409,0.372,0.333,0.516,0.593,0.416,0.272,0.263,0.489,0.32,0.19,1606228864.987
410,0.394,0.353,0.526,0.582,0.486,0.275,0.269,0.46,0.317,0.21,1606228865.112
411,0.407,0.362,0.52,0.547,0.531,0.296,0.263,0.415,0.294,0.219,1606228865.2376
412,0.41,0.35,0.499,0.496,0.549,0.34,0.243,0.366,0.26,0.215,1606228865.3628
413,0.406,0.312,0.457,0.442,0.541,0.399,0.212,0.318,0.224,0.199,1606228865.4877
414,0.401,0.256,0.393,0.398,0.516,0.46,0.177,0.276,0.197,0.176,1606228865.6132
415,0.4,0.202,0.316,0.378,0.482,0.504,0.145,0.239,0.183,0.151,1606228865.7383
416,0.404,0.167,0.235,0.387,0.443,0.518,0.122,0.212,0.181,0.13,1606228865.863
417,0.413,0.161,0.171,0.419,0.401,0.497,0.113,0.195,0.185,0.118,1606228865.9883
418,0.423,0.19,0.143,0.457,0.357,0.444,0.118,0.187,0.187,0.116,1606228866.1133
419,0.431,0.255,0.158,0.481,0.315,0.37,0.137,0.181,0.182,0.12,1606228866.238
420,0.434,0.35,0.207,0.482,0.286,0.292,0.164,0.168,0.172,0.129,1606228866.3633
421,0.43,0.46,0.273,0.465,0.284,0.225,0.19,0.145,0.16,0.139,1606228866.4889
422,0.422,0.561,0.344,0.444,0.312,0.185,0.211,0.116,0.15,0.147,1606228866.614
423,0.412,0.628,0.411,0.434,0.363,0.173,0.222,0.09,0.146,0.152,1606228866.7393
424,0.402,0.64,0.465,0.44,0.42,0.184,0.219,0.075,0.146,0.151,1606228866.8648
425,0.394,0.59,0.495,0.46,0.463,0.205,0.204,0.072,0.147,0.145,1606228866.9893
426,0.391,0.491,0.495,0.478,0.479,0.225,0.184,0.077,0.148,0.134,1606228867.1144
427,0.39,0.369,0.462,0.476,0.464,0.236,0.166,0.084,0.145,0.118,1606228867.2398
428,0.391,0.258,0.399,0.446,0.424,0.237,0.161,0.086,0.14,0.1,1606228867.3643
429,0.396,0.185,0.321,0.396,0.373,0.234,0.175,0.082,0.137,0.083,1606228867.4895
430,0.406,0.159,0.244,0.35,0.325,0.234,0.208,0.073,0.142,0.068,1606228867.6149
431,0.418,0.169,0.185,0.329,0.289,0.242,0.25,0.064,0.156,0.059,1606228867.7396
432,0.656,0.597,0.321,0.33,0.327,0.342,0.155,0.282,0.117,0.112,1606228877.3749
433,0.687,0.631,0.289,0.29,0.338,0.3,0.171,0.293,0.123,0.109,1606228877.5002
434,0.715,0.654,0.241,0.261,0.345,0.272,0.187,0.298,0.132,0.109,1606228877.6253
435,0.727,0.643,0.18,0.252,0.35,0.263,0.193,0.289,0.14,0.113,1606228877.7501
436,0.713,0.598,0.124,0.265,0.355,0.272,0.184,0.265,0.146,0.122,1606228877.8753
437,0.694,0.54,0.097,0.292,0.359,0.302,0.167,0.233,0.149,0.135,1606228878.0004
438,0.72,0.5,0.106,0.325,0.362,0.385,0.168,0.203,0.15,0.149,1606228878.1252
439,0.852,0.497,0.146,0.351,0.36,0.553,0.225,0.188,0.152,0.162,1606228878.2505
440,1.109,0.535,0.198,0.365,0.351,0.81,0.371,0.197,0.155,0.169,1606228878.3759
441,1.457,0.598,0.245,0.366,0.337,1.112,0.6,0.23,0.161,0.171,1606228878.5007
442,1.798,0.662,0.275,0.358,0.32,1.372,0.864,0.277,0.17,0.167,1606228878.626
443,2.011,0.699,0.282,0.35,0.306,1.5,1.085,0.32,0.18,0.16,1606228878.7513
444,2.01,0.695,0.27,0.346,0.298,1.45,1.193,0.341,0.187,0.151,1606228878.8764
445,1.785,0.652,0.245,0.343,0.296,1.239,1.154,0.33,0.19,0.141,1606228879.0017
446,1.4,0.577,0.217,0.338,0.297,0.929,0.982,0.291,0.188,0.13,1606228879.127
447,0.964,0.479,0.196,0.328,0.295,0.608,0.736,0.24,0.181,0.119,1606228879.2518
448,0.582,0.378,0.188,0.315,0.286,0.346,0.493,0.195,0.173,0.107,1606228879.3767
449,0.315,0.292,0.198,0.302,0.266,0.178,0.316,0.169,0.164,0.095,1606228879.5021
450,0.174,0.237,0.217,0.291,0.238,0.102,0.228,0.159,0.155,0.086,1606228879.6271
451,0.119,0.225,0.239,0.285,0.205,0.086,0.228,0.157,0.148,0.079,1606228879.7521
452,0.107,0.261,0.261,0.284,0.175,0.099,0.304,0.156,0.144,0.077,1606228879.8776
453,0.122,0.336,0.279,0.282,0.156,0.134,0.443,0.152,0.144,0.08,1606228880.0026
454,0.162,0.435,0.293,0.276,0.151,0.186,0.63,0.148,0.145,0.088,1606228880.1274
455,0.213,0.535,0.301,0.263,0.161,0.244,0.827,0.145,0.145,0.1,1606228880.2527
456,0.18,0.305,0.572,0.483,0.277,0.215,0.4,0.275,0.405,0.16,1606228889.8874
457,0.224,0.301,0.561,0.415,0.266,0.291,0.38,0.279,0.344,0.163,1606228890.0123
458,0.272,0.288,0.524,0.355,0.264,0.394,0.34,0.269,0.283,0.173,1606228890.1377
459,0.32,0.269,0.475,0.316,0.273,0.509,0.289,0.248,0.237,0.186,1606228890.2625
460,0.357,0.244,0.434,0.303,0.294,0.609,0.237,0.225,0.212,0.198,1606228890.3877
461,0.374,0.217,0.409,0.314,0.326,0.666,0.195,0.207,0.207,0.209,1606228890.5132
462,0.364,0.192,0.397,0.35,0.366,0.661,0.17,0.196,0.213,0.217,1606228890.638
463,0.33,0.171,0.386,0.41,0.406,0.598,0.165,0.19,0.225,0.225,1606228890.7629
464,0.282,0.162,0.367,0.483,0.438,0.496,0.179,0.187,0.235,0.23,1606228890.8883
465,0.236,0.175,0.343,0.55,0.452,0.382,0.202,0.19,0.237,0.23,1606228891.0136
466,0.209,0.225,0.325,0.591,0.445,0.292,0.225,0.202,0.232,0.224,1606228891.1382
467,0.215,0.327,0.328,0.597,0.422,0.241,0.241,0.228,0.23,0.216,1606228891.2637
468,0.256,0.476,0.357,0.576,0.391,0.239,0.25,0.265,0.241,0.214,1606228891.3889
469,0.322,0.647,0.398,0.542,0.361,0.274,0.261,0.303,0.273,0.222,1606228891.5136
470,0.392,0.797,0.425,0.509,0.336,0.328,0.285,0.33,0.319,0.243,1606228891.639
471,0.441,0.879,0.417,0.478,0.314,0.378,0.319,0.332,0.363,0.267,1606228891.7642
472,0.451,0.869,0.37,0.446,0.291,0.405,0.353,0.306,0.384,0.284,1606228891.8891
473,0.421,0.77,0.295,0.402,0.266,0.403,0.373,0.255,0.371,0.284,1606228892.0144
474,0.36,0.612,0.217,0.344,0.243,0.377,0.368,0.193,0.322,0.264,1606228892.1399
475,0.291,0.44,0.157,0.275,0.23,0.341,0.338,0.144,0.255,0.229,1606228892.2646
476,0.235,0.297,0.128,0.213,0.231,0.317,0.302,0.131,0.189,0.189,1606228892.3897
477,0.213,0.211,0.127,0.171,0.241,0.335,0.293,0.173,0.141,0.154,1606228892.5149
478,0.235,0.186,0.145,0.156,0.253,0.402,0.332,0.277,0.122,0.131,1606228892.6396
479,0.299,0.205,0.174,0.168,0.259,0.506,0.42,0.433,0.136,0.122,1606228892.7648
480,0.277,0.167,0.133,0.347,0.309,0.285,0.381,0.282,0.209,0.139,1606228911.7843
481,0.374,0.202,0.107,0.301,0.326,0.366,0.339,0.235,0.183,0.149,1606228911.9097
482,0.457,0.254,0.106,0.248,0.363,0.44,0.309,0.185,0.155,0.161,1606228912.0345
483,0.497,0.313,0.128,0.204,0.42,0.49,0.292,0.141,0.132,0.174,1606228912.1598
484,0.481,0.371,0.165,0.18,0.483,0.509,0.282,0.108,0.114,0.188,1606228912.2854
485,0.42,0.42,0.21,0.184,0.537,0.499,0.274,0.087,0.102,0.202,1606228912.4103
486,0.343,0.453,0.268,0.216,0.565,0.469,0.271,0.082,0.096,0.211,1606228912.5353
487,0.279,0.464,0.343,0.276,0.561,0.436,0.282,0.102,0.099,0.215,1606228912.6607
488,0.246,0.454,0.433,0.355,0.527,0.402,0.313,0.147,0.112,0.212,1606228912.7858
489,0.244,0.425,0.52,0.44,0.473,0.372,0.355,0.208,0.135,0.2,1606228912.9106
490,0.264,0.377,0.583,0.516,0.411,0.341,0.39,0.264,0.159,0.182,1606228913.0359
491,0.288,0.315,0.607,0.567,0.353,0.308,0.397,0.293,0.176,0.16,1606228913.1611
492,0.304,0.249,0.596,0.584,0.31,0.273,0.366,0.286,0.183,0.14,1606228913.2858
493,0.314,0.195,0.566,0.572,0.29,0.247,0.307,0.254,0.183,0.125,1606228913.411
494,0.32,0.162,0.535,0.539,0.298,0.228,0.24,0.219,0.189,0.117,1606228913.5361
495,0.322,0.148,0.511,0.5,0.331,0.213,0.185,0.198,0.207,0.115,1606228913.6609
496,0.314,0.142,0.488,0.466,0.379,0.197,0.152,0.194,0.24,0.119,1606228913.7863
497,0.297,0.135,0.452,0.447,0.426,0.181,0.145,0.2,0.284,0.128,1606228913.9118
498,0.266,0.133,0.397,0.447,0.455,0.164,0.16,0.208,0.329,0.141,1606228914.0366
499,0.227,0.149,0.34,0.466,0.456,0.146,0.197,0.221,0.365,0.153,1606228914.1617
500,0.188,0.198,0.312,0.499,0.43,0.133,0.256,0.251,0.385,0.163,1606228914.2871
501,0.161,0.287,0.34,0.536,0.393,0.131,0.337,0.306,0.384,0.166,1606228914.412
502,0.151,0.405,0.436,0.561,0.364,0.14,0.429,0.384,0.363,0.161,1606228914.5373
503,0.16,0.524,0.58,0.554,0.357,0.156,0.511,0.469,0.324,0.149,1606228914.6628
504,0.15,0.379,0.223,0.198,0.319,0.092,0.507,0.238,0.087,0.115,1606228918.0408
505,0.142,0.396,0.271,0.235,0.293,0.079,0.592,0.256,0.078,0.104,1606228918.1663
506,0.149,0.404,0.307,0.285,0.264,0.068,0.618,0.26,0.076,0.101,1606228918.2915
507,0.169,0.403,0.315,0.341,0.239,0.062,0.574,0.239,0.084,0.102,1606228918.4163
508,0.21,0.4,0.298,0.393,0.229,0.067,0.479,0.2,0.103,0.108,1606228918.5415
509,0.286,0.411,0.271,0.431,0.238,0.09,0.378,0.165,0.13,0.118,1606228918.667
510,0.4,0.445,0.259,0.447,0.259,0.129,0.315,0.156,0.157,0.131,1606228918.7918
511,0.535,0.494,0.275,0.44,0.281,0.176,0.308,0.184,0.175,0.143,1606228918.9169
512,0.655,0.538,0.316,0.414,0.294,0.215,0.35,0.238,0.181,0.149,1606228919.0424
513,0.724,0.551,0.369,0.376,0.293,0.236,0.41,0.298,0.176,0.148,1606228919.1674
514,0.717,0.516,0.412,0.337,0.282,0.232,0.451,0.343,0.167,0.144,1606228919.2921
515,0.634,0.441,0.433,0.306,0.27,0.208,0.457,0.364,0.162,0.142,1606228919.4177
516,0.498,0.349,0.425,0.283,0.261,0.179,0.435,0.367,0.164,0.15,1606228919.5431
517,0.347,0.266,0.393,0.261,0.262,0.166,0.403,0.363,0.17,0.173,1606228919.6676
518,0.222,0.213,0.35,0.235,0.272,0.187,0.381,0.36,0.173,0.206,1606228919.793
519,0.141,0.199,0.311,0.205,0.291,0.246,0.377,0.362,0.17,0.241,1606228919.9186
520,0.105,0.214,0.279,0.177,0.316,0.332,0.387,0.361,0.163,0.268,1606228920.0434
521,0.097,0.236,0.252,0.168,0.339,0.422,0.397,0.348,0.163,0.281,1606228920.1686
522,0.105,0.246,0.227,0.185,0.356,0.489,0.393,0.317,0.176,0.277,1606228920.2944
523,0.118,0.236,0.206,0.227,0.36,0.517,0.366,0.272,0.203,0.262,1606228920.4193
524,0.134,0.209,0.196,0.279,0.348,0.499,0.32,0.224,0.236,0.24,1606228920.5444
525,0.153,0.182,0.199,0.323,0.326,0.443,0.266,0.181,0.262,0.216,1606228920.6698
526,0.174,0.17,0.214,0.343,0.301,0.366,0.216,0.151,0.27,0.191,1606228920.7945
527,0.196,0.181,0.232,0.335,0.283,0.288,0.179,0.13,0.256,0.167,1606228920.9194
528,0.575,0.31,0.325,0.288,0.369,0.272,0.286,0.193,0.119,0.179,1606228930.5543
529,0.52,0.259,0.242,0.283,0.298,0.241,0.194,0.14,0.108,0.133,1606228930.679
530,0.468,0.206,0.175,0.269,0.236,0.226,0.124,0.101,0.096,0.097,1606228930.8044
531,0.43,0.158,0.127,0.242,0.189,0.243,0.087,0.09,0.084,0.075,1606228930.9298
532,0.417,0.12,0.095,0.207,0.16,0.294,0.084,0.115,0.076,0.066,1606228931.0543
533,0.425,0.096,0.08,0.177,0.146,0.365,0.107,0.171,0.075,0.069,1606228931.1794
534,0.442,0.098,0.093,0.164,0.142,0.431,0.145,0.246,0.085,0.082,1606228931.3049
535,0.454,0.141,0.149,0.174,0.145,0.461,0.187,0.32,0.105,0.1,1606228931.43
536,0.451,0.244,0.254,0.205,0.15,0.446,0.22,0.374,0.131,0.119,1606228931.5549
537,0.426,0.411,0.395,0.248,0.154,0.39,0.237,0.392,0.155,0.135,1606228931.6805
538,0.38,0.615,0.539,0.287,0.155,0.319,0.232,0.371,0.173,0.147,1606228931.8056
539,0.321,0.814,0.648,0.31,0.153,0.257,0.209,0.319,0.182,0.156,1606228931.9304
540,0.259,0.964,0.7,0.31,0.15,0.225,0.178,0.255,0.184,0.164,1606228932.0556
541,0.205,1.038,0.693,0.288,0.148,0.222,0.15,0.196,0.182,0.17,1606228932.1807
542,0.164,1.04,0.646,0.254,0.152,0.23,0.128,0.152,0.178,0.172,1606228932.3058
543,0.136,1.0,0.588,0.225,0.164,0.232,0.116,0.124,0.169,0.167,1606228932.4311
544,0.12,0.953,0.546,0.212,0.187,0.213,0.113,0.112,0.156,0.156,1606228932.5564
545,0.114,0.917,0.528,0.219,0.222,0.179,0.117,0.11,0.139,0.142,1606228932.681
546,0.12,0.891,0.522,0.238,0.262,0.141,0.131,0.115,0.122,0.131,1606228932.8063
547,0.135,0.862,0.515,0.262,0.298,0.113,0.151,0.125,0.109,0.129,1606228932.9321
548,0.151,0.816,0.499,0.281,0.318,0.107,0.175,0.142,0.103,0.137,1606228933.0567
549,0.162,0.745,0.479,0.291,0.312,0.124,0.197,0.169,0.106,0.151,1606228933.1818
550,0.166,0.66,0.462,0.29,0.281,0.158,0.213,0.207,0.116,0.168,1606228933.3073
551,0.165,0.568,0.453,0.277,0.238,0.192,0.222,0.257,0.128,0.182,1606228933.4319
552,0.412,0.413,0.222,0.38,0.326,0.29,0.166,0.297,0.119,0.067,1606228943.0674
553,0.397,0.328,0.18,0.383,0.32,0.289,0.175,0.264,0.101,0.065,1606228943.1929
554,0.404,0.246,0.136,0.369,0.317,0.287,0.21,0.223,0.09,0.074,1606228943.3175
555,0.436,0.191,0.105,0.339,0.311,0.286,0.269,0.186,0.086,0.094,1606228943.4424
556,0.471,0.172,0.096,0.3,0.301,0.28,0.336,0.162,0.091,0.121,1606228943.5679
557,0.483,0.187,0.116,0.263,0.284,0.264,0.39,0.15,0.1,0.145,1606228943.6929
558,0.458,0.218,0.159,0.238,0.263,0.239,0.413,0.147,0.11,0.16,1606228943.8177
559,0.396,0.251,0.221,0.236,0.244,0.209,0.402,0.151,0.121,0.159,1606228943.943
560,0.319,0.274,0.29,0.256,0.231,0.181,0.367,0.16,0.132,0.144,1606228944.0682
561,0.254,0.288,0.355,0.291,0.226,0.163,0.326,0.176,0.145,0.12,1606228944.1929
562,0.224,0.308,0.409,0.326,0.227,0.162,0.301,0.199,0.157,0.097,1606228944.3185
563,0.232,0.357,0.442,0.346,0.234,0.178,0.308,0.229,0.165,0.083,1606228944.4439
564,0.265,0.451,0.451,0.341,0.246,0.204,0.348,0.269,0.165,0.081,1606228944.5686
565,0.303,0.583,0.439,0.312,0.26,0.23,0.41,0.315,0.158,0.09,1606228944.6937
566,0.339,0.739,0.412,0.271,0.275,0.248,0.481,0.361,0.145,0.104,1606228944.8191
567,0.374,0.896,0.377,0.232,0.285,0.257,0.551,0.393,0.131,0.116,1606228944.9439
568,0.407,1.026,0.335,0.207,0.285,0.258,0.606,0.398,0.117,0.122,1606228945.069
569,0.435,1.099,0.285,0.201,0.273,0.259,0.636,0.367,0.108,0.121,1606228945.1946
570,0.46,1.096,0.233,0.206,0.248,0.267,0.635,0.311,0.103,0.114,1606228945.3197
571,0.484,1.019,0.195,0.215,0.218,0.29,0.603,0.259,0.105,0.106,1606228945.4453
572,0.509,0.908,0.196,0.223,0.191,0.324,0.547,0.247,0.112,0.102,1606228945.5706
573,0.534,0.82,0.254,0.232,0.177,0.357,0.474,0.294,0.127,0.108,1606228945.6955
574,0.558,0.793,0.374,0.249,0.182,0.38,0.392,0.399,0.149,0.127,1606228945.8204
575,0.578,0.828,0.532,0.278,0.201,0.394,0.315,0.532,0.177,0.153,1606228945.9458
576,0.12,0.148,0.181,0.255,0.137,0.094,0.092,0.046,0.058,0.051,1606228961.8378
577,0.127,0.199,0.192,0.295,0.152,0.068,0.093,0.051,0.058,0.052,1606228961.9629
578,0.142,0.255,0.223,0.346,0.163,0.063,0.102,0.072,0.063,0.054,1606228962.0876
579,0.173,0.301,0.281,0.395,0.166,0.076,0.113,0.106,0.071,0.056,1606228962.2131
580,0.22,0.324,0.354,0.425,0.165,0.097,0.124,0.142,0.08,0.055,1606228962.3381
581,0.274,0.319,0.422,0.433,0.163,0.116,0.134,0.17,0.088,0.053,1606228962.4629
582,0.318,0.295,0.462,0.421,0.168,0.126,0.143,0.185,0.094,0.051,1606228962.5882
583,0.334,0.267,0.463,0.4,0.183,0.129,0.157,0.191,0.102,0.051,1606228962.7134
584,0.308,0.249,0.427,0.377,0.203,0.13,0.179,0.201,0.117,0.058,1606228962.8382
585,0.253,0.248,0.365,0.353,0.221,0.142,0.207,0.222,0.141,0.071,1606228962.9635
586,0.182,0.256,0.296,0.325,0.228,0.174,0.231,0.257,0.174,0.088,1606228963.0888
587,0.12,0.263,0.244,0.29,0.219,0.23,0.247,0.297,0.207,0.106,1606228963.2135
588,0.083,0.264,0.219,0.253,0.198,0.297,0.252,0.328,0.23,0.119,1606228963.3388
589,0.084,0.262,0.222,0.221,0.174,0.362,0.25,0.349,0.236,0.125,1606228963.4642
590,0.118,0.264,0.243,0.2,0.156,0.407,0.255,0.376,0.225,0.126,1606228963.5893
591,0.171,0.277,0.281,0.193,0.148,0.422,0.28,0.446,0.203,0.125,1606228963.7147
592,0.224,0.306,0.342,0.199,0.149,0.408,0.344,0.595,0.181,0.128,1606228963.8401
593,0.262,0.353,0.426,0.207,0.152,0.372,0.463,0.83,0.165,0.137,1606228963.965
594,0.277,0.416,0.523,0.206,0.15,0.326,0.646,1.104,0.157,0.151,1606228964.0903
595,0.266,0.489,0.61,0.193,0.145,0.276,0.882,1.326,0.153,0.167,1606228964.2156
596,0.233,0.559,0.661,0.171,0.138,0.226,1.136,1.409,0.149,0.18,1606228964.3405
597,0.191,0.614,0.658,0.148,0.136,0.182,1.369,1.316,0.144,0.186,1606228964.4653
598,0.155,0.64,0.606,0.133,0.14,0.154,1.54,1.079,0.139,0.187,1606228964.5907
599,0.137,0.63,0.526,0.129,0.151,0.151,1.62,0.786,0.134,0.184,1606228964.7158
